epoch,time,train/box_loss,train/cls_loss,train/dfl_loss,metrics/precision(B),metrics/recall(B),metrics/mAP50(B),metrics/mAP50-95(B),val/box_loss,val/cls_loss,val/dfl_loss,lr/pg0,lr/pg1,lr/pg2
1,6.2318,1.78079,3.54218,1.63874,0.15196,0.46644,0.16695,0.12884,1.01564,inf,1.04637,0.0002,0.0002,0.0002
2,12.0859,0.92016,2.15359,0.98715,0.22507,0.69086,0.32639,0.2353,0.93328,inf,0.98769,0.000419168,0.000419168,0.000419168
3,16.5955,0.86503,1.18235,0.9333,0.90868,0.41678,0.71747,0.56852,0.95184,2.13707,0.91895,0.000637466,0.000637466,0.000637466
4,21.7252,0.7805,0.86921,0.9158,0.83415,0.53521,0.72969,0.58963,0.90351,1.71524,0.90022,0.000854892,0.000854892,0.000854892
5,26.4178,0.80952,0.75798,0.91592,0.84444,0.72872,0.83101,0.65781,0.88213,1.16253,0.89316,0.00107145,0.00107145,0.00107145
6,30.993,0.74352,0.6868,0.90116,0.89941,0.84939,0.88977,0.70932,0.81146,0.93118,0.87831,0.00128713,0.00128713,0.00128713
7,36.3587,0.71735,0.64917,0.88964,0.97341,0.88608,0.91596,0.71549,0.8053,0.66715,0.88016,0.00150194,0.00150194,0.00150194
8,40.8394,0.69935,0.59776,0.88533,0.97541,0.89279,0.92256,0.74414,0.74251,0.6094,0.86439,0.00171588,0.00171588,0.00171588
9,45.2753,0.71841,0.56041,0.88287,0.98709,0.88671,0.92265,0.73629,0.7503,0.58913,0.86895,0.00192895,0.00192895,0.00192895
10,50.8142,0.71341,0.54881,0.88125,0.98537,0.89159,0.92465,0.75399,0.74362,0.56799,0.87868,0.00196436,0.00196436,0.00196436
11,55.2678,0.67511,0.53505,0.87923,0.98475,0.90341,0.92537,0.74256,0.72283,0.56238,0.86773,0.0019604,0.0019604,0.0019604
12,59.8962,0.66997,0.54621,0.88697,0.9868,0.89768,0.92797,0.76997,0.72841,0.52835,0.88362,0.00195644,0.00195644,0.00195644
13,64.7992,0.65477,0.52773,0.8788,0.99234,0.89891,0.93038,0.76383,0.71271,0.5504,0.8669,0.00195248,0.00195248,0.00195248
14,69.2743,0.65229,0.52365,0.87889,0.9916,0.90217,0.93174,0.78622,0.67522,0.51973,0.86615,0.00194852,0.00194852,0.00194852
15,74.5617,0.62965,0.5022,0.87057,0.98605,0.90649,0.93494,0.76527,0.6892,0.51363,0.86652,0.00194456,0.00194456,0.00194456
16,79.1704,0.65844,0.50209,0.86815,0.98789,0.91236,0.93487,0.77881,0.68698,0.55164,0.86076,0.0019406,0.0019406,0.0019406
17,83.718,0.64247,0.48888,0.87153,0.98738,0.91296,0.93508,0.78338,0.68251,0.52867,0.86397,0.00193664,0.00193664,0.00193664
18,89.1196,0.646,0.49129,0.87305,0.99314,0.90882,0.93559,0.77133,0.70643,0.48379,0.86824,0.00193268,0.00193268,0.00193268
19,93.5537,0.62526,0.47389,0.86741,0.99039,0.9135,0.93577,0.78549,0.68369,0.49295,0.86397,0.00192872,0.00192872,0.00192872
20,97.9592,0.60703,0.46769,0.8671,0.99221,0.91569,0.93596,0.79393,0.64529,0.50003,0.85711,0.00192476,0.00192476,0.00192476
21,103.307,0.60677,0.44968,0.86117,0.9907,0.91605,0.93584,0.78397,0.67203,0.48423,0.86598,0.0019208,0.0019208,0.0019208
22,107.842,0.63407,0.4552,0.8698,0.99117,0.91514,0.93601,0.78285,0.69567,0.48201,0.86587,0.00191684,0.00191684,0.00191684
23,112.855,0.62774,0.45992,0.86501,0.98794,0.91644,0.93575,0.79069,0.64696,0.4934,0.85561,0.00191288,0.00191288,0.00191288
24,117.61,0.61067,0.45802,0.86255,0.98917,0.91487,0.93578,0.7914,0.66621,0.47093,0.86094,0.00190892,0.00190892,0.00190892
25,122.053,0.60467,0.44368,0.8579,0.98973,0.91623,0.93591,0.7968,0.6427,0.46421,0.85542,0.00190496,0.00190496,0.00190496
26,127.389,0.57867,0.43235,0.85895,0.99207,0.91883,0.93598,0.79579,0.64383,0.46862,0.85273,0.001901,0.001901,0.001901
27,131.893,0.61218,0.43501,0.85291,0.99037,0.91842,0.936,0.79221,0.66069,0.44915,0.85682,0.00189704,0.00189704,0.00189704
28,136.432,0.60474,0.43505,0.85925,0.99171,0.91352,0.93591,0.79756,0.65174,0.46505,0.85429,0.00189308,0.00189308,0.00189308
29,142.05,0.61565,0.42983,0.86226,0.99142,0.91383,0.93581,0.79432,0.64851,0.47132,0.85561,0.00188912,0.00188912,0.00188912
30,146.443,0.59847,0.42552,0.85925,0.99216,0.9152,0.93568,0.79341,0.64828,0.48856,0.85412,0.00188516,0.00188516,0.00188516
31,151.135,0.59948,0.42575,0.86154,0.9902,0.91992,0.936,0.79674,0.64112,0.45491,0.85491,0.0018812,0.0018812,0.0018812
32,156.109,0.57946,0.41796,0.85388,0.98985,0.91842,0.93566,0.7937,0.64986,0.42398,0.85693,0.00187724,0.00187724,0.00187724
33,160.611,0.58689,0.42013,0.85449,0.99141,0.91774,0.93597,0.79913,0.62773,0.4201,0.8546,0.00187328,0.00187328,0.00187328
34,165.817,0.5672,0.4093,0.85554,0.98963,0.91869,0.93594,0.795,0.6365,0.42475,0.8559,0.00186932,0.00186932,0.00186932
35,170.346,0.57981,0.4051,0.8546,0.99127,0.91842,0.93628,0.79736,0.64804,0.40232,0.85596,0.00186536,0.00186536,0.00186536
36,174.841,0.58158,0.39908,0.85118,0.9913,0.91751,0.93617,0.79802,0.64351,0.40395,0.85282,0.0018614,0.0018614,0.0018614
37,180.178,0.57202,0.39184,0.86003,0.98909,0.91965,0.93612,0.80006,0.62975,0.44285,0.84932,0.00185744,0.00185744,0.00185744
38,184.543,0.57289,0.39418,0.85583,0.99098,0.9161,0.93611,0.79016,0.66106,0.42701,0.85334,0.00185348,0.00185348,0.00185348
39,189.015,0.58489,0.38919,0.84893,0.99215,0.91416,0.93611,0.79489,0.64188,0.42211,0.85261,0.00184952,0.00184952,0.00184952
40,194.283,0.56138,0.38221,0.84034,0.99165,0.91842,0.93618,0.80275,0.61996,0.41178,0.84741,0.00184556,0.00184556,0.00184556
41,198.713,0.55726,0.37599,0.85027,0.99125,0.91965,0.9363,0.79562,0.64967,0.41774,0.85305,0.0018416,0.0018416,0.0018416
42,203.548,0.5831,0.38699,0.85681,0.99037,0.91678,0.93602,0.78915,0.65981,0.41407,0.85571,0.00183764,0.00183764,0.00183764
43,208.233,0.56928,0.38226,0.8481,0.99075,0.91719,0.93632,0.79814,0.63275,0.39065,0.85075,0.00183368,0.00183368,0.00183368
44,212.747,0.60636,0.39217,0.85931,0.99088,0.91947,0.9363,0.80467,0.62604,0.42171,0.84842,0.00182972,0.00182972,0.00182972
45,218.159,0.57086,0.38523,0.84943,0.99176,0.91958,0.93639,0.79191,0.64329,0.42017,0.85155,0.00182576,0.00182576,0.00182576
46,222.576,0.58318,0.38115,0.85461,0.99215,0.91542,0.93706,0.79941,0.63413,0.39142,0.85095,0.0018218,0.0018218,0.0018218
47,227.003,0.58063,0.37716,0.85023,0.99252,0.9146,0.93659,0.80064,0.62449,0.38549,0.8491,0.00181784,0.00181784,0.00181784
48,232.671,0.58479,0.3787,0.85098,0.99059,0.91887,0.93631,0.79645,0.63928,0.39134,0.85151,0.00181388,0.00181388,0.00181388
49,237.121,0.56526,0.37139,0.84666,0.99022,0.9191,0.9362,0.80158,0.62458,0.37654,0.84983,0.00180992,0.00180992,0.00180992
50,241.516,0.55081,0.36652,0.85227,0.98958,0.91969,0.93621,0.79824,0.63228,0.38096,0.85213,0.00180596,0.00180596,0.00180596
51,246.7,0.54435,0.35941,0.85051,0.99042,0.92005,0.93629,0.79807,0.64372,0.37138,0.85566,0.001802,0.001802,0.001802
52,251.29,0.58476,0.37026,0.85433,0.99186,0.91896,0.93625,0.79663,0.62422,0.36241,0.85149,0.00179804,0.00179804,0.00179804
53,256.271,0.57692,0.37435,0.8451,0.99235,0.92005,0.93652,0.79575,0.62262,0.36803,0.85234,0.00179408,0.00179408,0.00179408
54,260.924,0.54096,0.3704,0.85264,0.99329,0.92046,0.93621,0.80776,0.62249,0.373,0.84991,0.00179012,0.00179012,0.00179012
55,265.445,0.59675,0.37668,0.85095,0.98923,0.92005,0.93632,0.80408,0.61636,0.38651,0.85103,0.00178616,0.00178616,0.00178616
56,270.746,0.56741,0.37146,0.84835,0.98957,0.91912,0.93673,0.80312,0.62688,0.37983,0.85197,0.0017822,0.0017822,0.0017822
57,275.076,0.57253,0.37304,0.85536,0.99204,0.91838,0.93617,0.80712,0.61351,0.38889,0.84808,0.00177824,0.00177824,0.00177824
58,279.523,0.53622,0.36293,0.84909,0.98969,0.91965,0.93616,0.80285,0.62029,0.37645,0.8508,0.00177428,0.00177428,0.00177428
59,284.93,0.559,0.36609,0.84509,0.9917,0.92169,0.93711,0.80315,0.62199,0.36491,0.85081,0.00177032,0.00177032,0.00177032
60,289.286,0.56361,0.36813,0.85676,0.99193,0.92204,0.93636,0.79705,0.62766,0.41132,0.8526,0.00176636,0.00176636,0.00176636
61,293.861,0.56616,0.37931,0.84899,0.99147,0.92025,0.93599,0.80432,0.61424,0.36813,0.85051,0.0017624,0.0017624,0.0017624
62,299.034,0.54828,0.3582,0.84731,0.99228,0.91951,0.93616,0.79431,0.62414,0.37796,0.85218,0.00175844,0.00175844,0.00175844
63,303.396,0.56177,0.36292,0.84556,0.99205,0.91935,0.93642,0.80009,0.62969,0.37336,0.85329,0.00175448,0.00175448,0.00175448
64,308.299,0.54925,0.35475,0.84164,0.99126,0.92169,0.93682,0.80822,0.61075,0.35843,0.84655,0.00175052,0.00175052,0.00175052
65,313.072,0.53639,0.34707,0.84199,0.99224,0.91992,0.93664,0.80818,0.62294,0.35631,0.84851,0.00174656,0.00174656,0.00174656
66,317.532,0.53479,0.34734,0.84278,0.9911,0.92019,0.93828,0.8029,0.61736,0.35725,0.84953,0.0017426,0.0017426,0.0017426
67,322.787,0.5349,0.34634,0.84181,0.99205,0.91878,0.93852,0.80679,0.62379,0.36004,0.85102,0.00173864,0.00173864,0.00173864
68,327.106,0.54052,0.34283,0.85066,0.9896,0.91814,0.93679,0.80345,0.62098,0.35489,0.84862,0.00173468,0.00173468,0.00173468
69,331.461,0.55241,0.34468,0.84071,0.98934,0.91951,0.93659,0.80208,0.62162,0.3604,0.85147,0.00173072,0.00173072,0.00173072
70,336.88,0.5454,0.34263,0.84596,0.99117,0.91897,0.9369,0.80741,0.61778,0.35616,0.84857,0.00172676,0.00172676,0.00172676
71,341.399,0.54331,0.34197,0.84771,0.98944,0.92075,0.93691,0.80759,0.61131,0.35019,0.84764,0.0017228,0.0017228,0.0017228
72,345.854,0.53585,0.34495,0.84263,0.99196,0.91937,0.9369,0.7951,0.62423,0.35602,0.85129,0.00171884,0.00171884,0.00171884
73,351.267,0.53923,0.33991,0.8462,0.99003,0.92118,0.93636,0.80878,0.61198,0.35367,0.84839,0.00171488,0.00171488,0.00171488
74,355.744,0.54092,0.34323,0.84173,0.99103,0.91924,0.93636,0.80898,0.61725,0.35973,0.84852,0.00171092,0.00171092,0.00171092
75,360.569,0.54622,0.3443,0.8468,0.99137,0.92142,0.93657,0.80942,0.60774,0.35052,0.84638,0.00170696,0.00170696,0.00170696
76,365.333,0.53719,0.33714,0.8357,0.99024,0.91814,0.93621,0.80489,0.61116,0.34669,0.84791,0.001703,0.001703,0.001703
77,369.713,0.54494,0.33762,0.84388,0.99073,0.91965,0.93636,0.79909,0.63597,0.35244,0.85116,0.00169904,0.00169904,0.00169904
78,375.116,0.54416,0.33864,0.84405,0.99019,0.92237,0.93751,0.81215,0.60912,0.35055,0.85087,0.00169508,0.00169508,0.00169508
79,379.697,0.54644,0.34111,0.84538,0.99069,0.92087,0.9376,0.80817,0.62095,0.35677,0.8495,0.00169112,0.00169112,0.00169112
80,384.256,0.56769,0.34467,0.84479,0.9925,0.92036,0.94056,0.81276,0.61839,0.35345,0.84956,0.00168716,0.00168716,0.00168716
81,389.648,0.53154,0.33467,0.84368,0.99016,0.91991,0.9396,0.80704,0.62105,0.35522,0.84924,0.0016832,0.0016832,0.0016832
82,394.056,0.53078,0.33286,0.84377,0.99047,0.92005,0.93988,0.81079,0.62106,0.34564,0.84937,0.00167924,0.00167924,0.00167924
83,398.511,0.54993,0.34084,0.84195,0.99144,0.92046,0.93683,0.80765,0.60298,0.35079,0.84448,0.00167528,0.00167528,0.00167528
84,403.84,0.5461,0.33775,0.84767,0.99208,0.92318,0.93673,0.80659,0.60917,0.34794,0.84812,0.00167132,0.00167132,0.00167132
85,407.924,0.51793,0.32816,0.84014,0.99205,0.92046,0.93705,0.80673,0.61142,0.34875,0.84878,0.00166736,0.00166736,0.00166736
86,412.298,0.51457,0.33003,0.83522,0.99095,0.91978,0.9369,0.81297,0.60061,0.34762,0.84783,0.0016634,0.0016634,0.0016634
87,417.218,0.53626,0.33111,0.84103,0.99019,0.92222,0.93766,0.81261,0.60711,0.33959,0.847,0.00165944,0.00165944,0.00165944
88,421.385,0.54678,0.33349,0.84509,0.99134,0.92089,0.93687,0.80689,0.61175,0.34248,0.84836,0.00165548,0.00165548,0.00165548
89,425.821,0.54375,0.33003,0.84364,0.98988,0.92019,0.9372,0.81039,0.61014,0.33424,0.84818,0.00165152,0.00165152,0.00165152
90,430.433,0.51477,0.3228,0.84472,0.99141,0.92033,0.94283,0.82041,0.60248,0.33983,0.84557,0.00164756,0.00164756,0.00164756
91,434.541,0.53007,0.33096,0.84342,0.99032,0.92074,0.94312,0.8116,0.62281,0.34703,0.84876,0.0016436,0.0016436,0.0016436
92,439.271,0.52222,0.32953,0.84131,0.99042,0.9191,0.93888,0.8114,0.60134,0.34009,0.8486,0.00163964,0.00163964,0.00163964
93,443.921,0.52978,0.32441,0.84012,0.98625,0.91774,0.94008,0.81525,0.61059,0.34315,0.84998,0.00163568,0.00163568,0.00163568
94,448.139,0.52912,0.32432,0.83901,0.99002,0.91746,0.94175,0.81645,0.60096,0.33482,0.84843,0.00163172,0.00163172,0.00163172
95,452.871,0.54455,0.32839,0.84848,0.98595,0.91897,0.94138,0.81165,0.62432,0.35202,0.85011,0.00162776,0.00162776,0.00162776
96,457.266,0.54557,0.32721,0.84074,0.98838,0.9191,0.94169,0.81565,0.60445,0.34197,0.84809,0.0016238,0.0016238,0.0016238
97,461.443,0.52486,0.32343,0.84386,0.99164,0.91705,0.94258,0.81851,0.61185,0.34016,0.84833,0.00161984,0.00161984,0.00161984
98,466.267,0.52123,0.31718,0.83677,0.99165,0.9191,0.94191,0.81263,0.61495,0.33493,0.84931,0.00161588,0.00161588,0.00161588
99,470.719,0.52776,0.31978,0.84,0.99144,0.91965,0.94008,0.81501,0.60293,0.33029,0.84772,0.00161192,0.00161192,0.00161192
100,475.284,0.54607,0.32257,0.84287,0.99193,0.92221,0.93852,0.81629,0.59323,0.33555,0.84513,0.00160796,0.00160796,0.00160796
101,480.282,0.55301,0.3307,0.84244,0.99361,0.9206,0.93901,0.81473,0.61057,0.34307,0.84679,0.001604,0.001604,0.001604
102,484.518,0.52812,0.32319,0.83762,0.99134,0.92171,0.9399,0.81333,0.60023,0.33684,0.8454,0.00160004,0.00160004,0.00160004
103,488.671,0.51594,0.31789,0.83658,0.99236,0.91883,0.93851,0.81653,0.59636,0.33086,0.8456,0.00159608,0.00159608,0.00159608
104,493.731,0.49931,0.30861,0.84142,0.98799,0.92063,0.94544,0.8262,0.59632,0.32988,0.84511,0.00159212,0.00159212,0.00159212
105,497.972,0.52629,0.31622,0.84136,0.98756,0.91937,0.94626,0.82488,0.60717,0.33443,0.84748,0.00158816,0.00158816,0.00158816
106,502.318,0.53625,0.32571,0.83952,0.99161,0.92033,0.94567,0.81862,0.60858,0.33763,0.84658,0.0015842,0.0015842,0.0015842
107,507.536,0.53592,0.32706,0.84161,0.99098,0.91992,0.94331,0.81951,0.61539,0.33284,0.84807,0.00158024,0.00158024,0.00158024
108,511.806,0.54039,0.32496,0.84674,0.99161,0.91855,0.94477,0.82269,0.59968,0.33012,0.8448,0.00157628,0.00157628,0.00157628
109,515.954,0.52001,0.31519,0.83821,0.99322,0.91908,0.94308,0.82126,0.59933,0.33062,0.84542,0.00157232,0.00157232,0.00157232
110,521.016,0.52509,0.32006,0.83887,0.99018,0.92129,0.94242,0.81816,0.61405,0.33475,0.84871,0.00156836,0.00156836,0.00156836
111,525.175,0.53406,0.32539,0.83946,0.9913,0.91992,0.93721,0.81179,0.60114,0.3321,0.84762,0.0015644,0.0015644,0.0015644
112,529.507,0.52796,0.31829,0.8417,0.99232,0.92005,0.9382,0.81074,0.61337,0.33891,0.84853,0.00156044,0.00156044,0.00156044
113,534.621,0.52525,0.32069,0.83545,0.99236,0.92178,0.9401,0.81821,0.59221,0.33074,0.84472,0.00155648,0.00155648,0.00155648
114,539.001,0.52689,0.31996,0.83637,0.99251,0.92256,0.93936,0.81743,0.60045,0.33104,0.84558,0.00155252,0.00155252,0.00155252
115,543.614,0.51284,0.31003,0.83698,0.99165,0.92332,0.93985,0.81543,0.59577,0.32739,0.84469,0.00154856,0.00154856,0.00154856
116,548.292,0.5067,0.31266,0.84166,0.99165,0.9235,0.94023,0.81868,0.59508,0.31804,0.84468,0.0015446,0.0015446,0.0015446
117,552.538,0.52442,0.3106,0.83639,0.9909,0.92237,0.94228,0.82083,0.59284,0.32127,0.84417,0.00154064,0.00154064,0.00154064
118,557.286,0.5221,0.31069,0.83714,0.99235,0.91995,0.94483,0.82561,0.59826,0.32422,0.84552,0.00153668,0.00153668,0.00153668
119,561.964,0.50886,0.30745,0.8331,0.99323,0.92048,0.94456,0.82358,0.60089,0.32205,0.84679,0.00153272,0.00153272,0.00153272
120,566.248,0.51967,0.3084,0.83719,0.99177,0.92104,0.94259,0.82082,0.60033,0.3277,0.84621,0.00152876,0.00152876,0.00152876
121,571.135,0.50902,0.30792,0.83685,0.99276,0.9206,0.94361,0.81615,0.63031,0.33376,0.85175,0.0015248,0.0015248,0.0015248
122,575.501,0.51745,0.3088,0.83413,0.99033,0.92198,0.94348,0.82439,0.60524,0.32174,0.84652,0.00152084,0.00152084,0.00152084
123,579.716,0.50595,0.30476,0.83725,0.99124,0.92251,0.94238,0.81823,0.60565,0.32229,0.84778,0.00151688,0.00151688,0.00151688
124,584.715,0.50878,0.30407,0.84147,0.99177,0.92142,0.93959,0.81622,0.60049,0.32225,0.8473,0.00151292,0.00151292,0.00151292
125,588.895,0.50987,0.30964,0.83496,0.99148,0.92082,0.94056,0.81346,0.60525,0.32917,0.84733,0.00150896,0.00150896,0.00150896
126,593.269,0.51385,0.30676,0.8328,0.99024,0.92319,0.93982,0.8152,0.60349,0.32696,0.84666,0.001505,0.001505,0.001505
127,598.338,0.53349,0.31177,0.83772,0.99062,0.9224,0.94246,0.81788,0.61183,0.32752,0.8488,0.00150104,0.00150104,0.00150104
128,602.588,0.51575,0.31125,0.83772,0.99222,0.92165,0.93896,0.8154,0.59812,0.32393,0.84658,0.00149708,0.00149708,0.00149708
129,606.764,0.51781,0.30947,0.83754,0.99196,0.92265,0.94426,0.81479,0.62352,0.3268,0.85078,0.00149312,0.00149312,0.00149312
130,611.833,0.52528,0.31356,0.83751,0.99164,0.92191,0.94872,0.82965,0.60557,0.32879,0.84586,0.00148916,0.00148916,0.00148916
131,616.109,0.54368,0.3174,0.84244,0.99352,0.92084,0.94884,0.82919,0.60414,0.32478,0.84707,0.0014852,0.0014852,0.0014852
132,620.379,0.5293,0.31201,0.84126,0.99236,0.92189,0.94641,0.82475,0.60398,0.32115,0.84632,0.00148124,0.00148124,0.00148124
133,625.687,0.53318,0.31606,0.84237,0.99266,0.92218,0.94068,0.81933,0.59736,0.32313,0.84519,0.00147728,0.00147728,0.00147728
134,629.771,0.50327,0.30261,0.84063,0.99138,0.92115,0.93801,0.81515,0.60118,0.32203,0.84583,0.00147332,0.00147332,0.00147332
135,633.944,0.504,0.30242,0.83565,0.99411,0.92059,0.94486,0.82253,0.59248,0.32094,0.84489,0.00146936,0.00146936,0.00146936
136,639.338,0.51414,0.30699,0.84129,0.99177,0.92113,0.94177,0.82003,0.5972,0.32348,0.84561,0.0014654,0.0014654,0.0014654
137,643.396,0.52806,0.31762,0.8383,0.99236,0.92146,0.94173,0.8201,0.58808,0.32579,0.84347,0.00146144,0.00146144,0.00146144
138,647.667,0.51447,0.30625,0.82896,0.99146,0.92142,0.94015,0.81215,0.59573,0.32781,0.84384,0.00145748,0.00145748,0.00145748
139,652.974,0.52724,0.31119,0.83969,0.99161,0.91897,0.93863,0.81517,0.6001,0.32941,0.84624,0.00145352,0.00145352,0.00145352
140,657.323,0.52075,0.30958,0.83857,0.99116,0.92074,0.93845,0.81601,0.59648,0.32555,0.84528,0.00144956,0.00144956,0.00144956
141,661.721,0.50919,0.30419,0.83678,0.98959,0.921,0.93765,0.81605,0.59737,0.32354,0.84596,0.0014456,0.0014456,0.0014456
142,666.678,0.51995,0.30809,0.83665,0.99078,0.92156,0.9402,0.81443,0.59451,0.32031,0.84569,0.00144164,0.00144164,0.00144164
143,670.873,0.50849,0.30182,0.83495,0.99076,0.92101,0.94209,0.81731,0.61181,0.32173,0.84752,0.00143768,0.00143768,0.00143768
144,675.282,0.50733,0.30009,0.83609,0.99198,0.92115,0.94536,0.82979,0.5853,0.31205,0.84328,0.00143372,0.00143372,0.00143372
145,680.089,0.50264,0.29778,0.82914,0.99319,0.91842,0.94561,0.82485,0.59717,0.31497,0.84522,0.00142976,0.00142976,0.00142976
146,684.21,0.5159,0.3025,0.83666,0.99104,0.9207,0.94494,0.82796,0.59462,0.3126,0.84555,0.0014258,0.0014258,0.0014258
147,688.749,0.5201,0.3046,0.83494,0.99265,0.92112,0.94591,0.82664,0.60204,0.31697,0.84561,0.00142184,0.00142184,0.00142184
148,693.49,0.50595,0.30185,0.83244,0.99061,0.92156,0.94563,0.82463,0.59215,0.31614,0.84426,0.00141788,0.00141788,0.00141788
149,697.682,0.50275,0.30004,0.83199,0.99065,0.92074,0.94593,0.83072,0.58774,0.31492,0.84269,0.00141392,0.00141392,0.00141392
150,702.663,0.52961,0.30441,0.83808,0.99162,0.92066,0.94594,0.82993,0.59086,0.31363,0.84332,0.00140996,0.00140996,0.00140996
151,707.169,0.49558,0.29658,0.83398,0.99096,0.91978,0.94508,0.82715,0.58801,0.3135,0.84285,0.001406,0.001406,0.001406
152,711.565,0.49936,0.29639,0.83848,0.98948,0.92352,0.94657,0.82928,0.59121,0.31448,0.84347,0.00140204,0.00140204,0.00140204
153,716.777,0.49926,0.29494,0.83369,0.99285,0.92237,0.94647,0.82682,0.598,0.31217,0.84439,0.00139808,0.00139808,0.00139808
154,721.188,0.51803,0.30455,0.84141,0.99421,0.92115,0.9471,0.82753,0.59688,0.31557,0.844,0.00139412,0.00139412,0.00139412
155,725.538,0.50062,0.3012,0.83476,0.99252,0.91896,0.94344,0.82454,0.5964,0.32145,0.84504,0.00139016,0.00139016,0.00139016
156,730.667,0.51513,0.30019,0.83595,0.99234,0.91926,0.94428,0.82444,0.59811,0.31649,0.84518,0.0013862,0.0013862,0.0013862
157,734.878,0.51072,0.30473,0.84254,0.99249,0.91972,0.94218,0.8208,0.60059,0.32297,0.847,0.00138224,0.00138224,0.00138224
158,739.156,0.5178,0.30449,0.83453,0.99295,0.92188,0.94649,0.82456,0.59752,0.32149,0.84487,0.00137828,0.00137828,0.00137828
159,744.351,0.50445,0.30157,0.83833,0.9912,0.92162,0.94308,0.82219,0.60375,0.31783,0.8469,0.00137432,0.00137432,0.00137432
160,748.713,0.51512,0.30098,0.83856,0.9922,0.9199,0.9437,0.8226,0.59571,0.32066,0.84513,0.00137036,0.00137036,0.00137036
161,752.983,0.52379,0.3057,0.83394,0.98975,0.92171,0.94046,0.81671,0.60406,0.32071,0.84704,0.0013664,0.0013664,0.0013664
162,758.145,0.51151,0.30098,0.83701,0.99367,0.92135,0.93704,0.81514,0.59157,0.31742,0.8454,0.00136244,0.00136244,0.00136244
163,762.418,0.5137,0.30171,0.83673,0.99266,0.92231,0.94212,0.82506,0.58986,0.31213,0.8445,0.00135848,0.00135848,0.00135848
164,766.808,0.52068,0.3056,0.83403,0.99155,0.92306,0.95,0.83327,0.59258,0.31627,0.84513,0.00135452,0.00135452,0.00135452
165,772.026,0.50915,0.29921,0.83268,0.99135,0.92278,0.95148,0.83471,0.59202,0.31317,0.84496,0.00135056,0.00135056,0.00135056
166,776.427,0.51724,0.30356,0.83901,0.98968,0.92224,0.95174,0.83463,0.60018,0.3152,0.84482,0.0013466,0.0013466,0.0013466
167,780.825,0.55476,0.31724,0.84089,0.99234,0.91953,0.94828,0.83091,0.59956,0.32072,0.84485,0.00134264,0.00134264,0.00134264
168,785.891,0.5341,0.3104,0.83809,0.99118,0.92019,0.94973,0.82951,0.61024,0.32222,0.84566,0.00133868,0.00133868,0.00133868
169,790.013,0.51934,0.30546,0.83795,0.99307,0.92005,0.94869,0.8282,0.59495,0.31725,0.84338,0.00133472,0.00133472,0.00133472
170,794.796,0.50898,0.2971,0.83506,0.99265,0.92079,0.94456,0.81956,0.60617,0.31738,0.84429,0.00133076,0.00133076,0.00133076
171,799.37,0.51519,0.30182,0.83479,0.99123,0.91978,0.94547,0.82522,0.59117,0.31678,0.84384,0.0013268,0.0013268,0.0013268
172,803.684,0.51186,0.30265,0.83604,0.9928,0.92113,0.94387,0.82471,0.58802,0.31167,0.8433,0.00132284,0.00132284,0.00132284
173,808.5,0.49118,0.28933,0.83321,0.99348,0.92183,0.942,0.82285,0.59457,0.31048,0.84479,0.00131888,0.00131888,0.00131888
174,813.049,0.51617,0.29879,0.83649,0.99273,0.92237,0.94606,0.8284,0.59444,0.30977,0.84422,0.00131492,0.00131492,0.00131492
175,817.202,0.50404,0.29382,0.83648,0.99187,0.92224,0.94652,0.8253,0.60304,0.31801,0.84714,0.00131096,0.00131096,0.00131096
176,822.189,0.49747,0.29153,0.83077,0.99035,0.92333,0.9469,0.8329,0.58401,0.30562,0.84266,0.001307,0.001307,0.001307
177,826.664,0.50079,0.29183,0.8335,0.99309,0.92158,0.94618,0.83032,0.58758,0.31086,0.84383,0.00130304,0.00130304,0.00130304
178,830.98,0.48975,0.28678,0.83103,0.99179,0.92247,0.94519,0.83012,0.58697,0.3078,0.8437,0.00129908,0.00129908,0.00129908
179,836.127,0.50426,0.29191,0.83289,0.99123,0.92292,0.94686,0.83179,0.59359,0.31381,0.84368,0.00129512,0.00129512,0.00129512
180,840.405,0.51272,0.29695,0.83541,0.99164,0.92287,0.94679,0.83208,0.59654,0.31348,0.84424,0.00129116,0.00129116,0.00129116
181,844.66,0.5205,0.29739,0.83271,0.9899,0.92294,0.94613,0.8274,0.59523,0.32038,0.84494,0.0012872,0.0012872,0.0012872
182,849.83,0.50601,0.29266,0.83767,0.99207,0.92171,0.94932,0.83309,0.58929,0.31026,0.84319,0.00128324,0.00128324,0.00128324
183,854.049,0.51026,0.29421,0.83252,0.99222,0.92238,0.95041,0.83741,0.58745,0.30844,0.84249,0.00127928,0.00127928,0.00127928
184,858.318,0.49738,0.29028,0.83295,0.99207,0.9221,0.94971,0.83524,0.593,0.31012,0.84388,0.00127532,0.00127532,0.00127532
185,863.564,0.52496,0.29893,0.83642,0.99147,0.92196,0.95025,0.83573,0.59176,0.30822,0.84362,0.00127136,0.00127136,0.00127136
186,867.8,0.49375,0.28883,0.83152,0.99223,0.92279,0.95198,0.8403,0.58705,0.30309,0.84245,0.0012674,0.0012674,0.0012674
187,872.341,0.5078,0.29373,0.84036,0.99165,0.92115,0.95042,0.83669,0.59045,0.30721,0.843,0.00126344,0.00126344,0.00126344
188,877.693,0.49773,0.28998,0.83062,0.99124,0.92196,0.94899,0.8341,0.58873,0.30214,0.84328,0.00125948,0.00125948,0.00125948
189,881.995,0.508,0.29205,0.83428,0.99208,0.92333,0.94827,0.83164,0.58747,0.30447,0.84187,0.00125552,0.00125552,0.00125552
190,886.337,0.50222,0.28955,0.83254,0.99164,0.92292,0.94647,0.82956,0.59539,0.30325,0.84404,0.00125156,0.00125156,0.00125156
191,891.486,0.49412,0.28589,0.82771,0.99047,0.92184,0.94846,0.83282,0.59145,0.30353,0.84345,0.0012476,0.0012476,0.0012476
192,895.755,0.49856,0.28706,0.8347,0.99089,0.9203,0.94819,0.83443,0.58351,0.29892,0.84297,0.00124364,0.00124364,0.00124364
193,900.181,0.50716,0.29062,0.83693,0.99147,0.9191,0.94883,0.83032,0.60071,0.30559,0.84532,0.00123968,0.00123968,0.00123968
194,905.193,0.50416,0.29013,0.83335,0.99358,0.91992,0.94972,0.83353,0.59002,0.30579,0.8436,0.00123572,0.00123572,0.00123572
195,909.539,0.50607,0.29363,0.83683,0.99235,0.92142,0.95054,0.8333,0.5954,0.30671,0.84453,0.00123176,0.00123176,0.00123176
196,914.256,0.49542,0.28661,0.83277,0.99408,0.92115,0.94519,0.83063,0.59053,0.30448,0.84397,0.0012278,0.0012278,0.0012278
197,918.944,0.49413,0.2825,0.83267,0.99404,0.92087,0.94766,0.83709,0.58458,0.30189,0.84309,0.00122384,0.00122384,0.00122384
198,923.091,0.48894,0.28279,0.83212,0.99425,0.9196,0.95122,0.83871,0.59213,0.30291,0.84288,0.00121988,0.00121988,0.00121988
199,928.044,0.4808,0.2806,0.83156,0.9933,0.92101,0.95057,0.83475,0.59413,0.30562,0.8446,0.00121592,0.00121592,0.00121592
200,932.583,0.48796,0.28219,0.83278,0.99367,0.92142,0.94984,0.83386,0.59114,0.30346,0.84392,0.00121196,0.00121196,0.00121196
201,936.751,0.50384,0.28838,0.83378,0.99266,0.92156,0.95049,0.83859,0.58699,0.30126,0.84429,0.001208,0.001208,0.001208
202,942.149,0.50009,0.28674,0.82885,0.99069,0.92115,0.95226,0.83951,0.58867,0.30325,0.84452,0.00120404,0.00120404,0.00120404
203,946.328,0.49033,0.28358,0.83112,0.99117,0.92347,0.9493,0.83721,0.58479,0.30172,0.84395,0.00120008,0.00120008,0.00120008
204,950.643,0.48473,0.28256,0.82754,0.99266,0.92183,0.94576,0.83138,0.58638,0.3006,0.8427,0.00119612,0.00119612,0.00119612
205,955.801,0.48164,0.28094,0.83332,0.99018,0.92203,0.94844,0.83269,0.5984,0.31019,0.84653,0.00119216,0.00119216,0.00119216
206,960.014,0.48885,0.28214,0.83028,0.99222,0.92167,0.95351,0.84081,0.59342,0.30448,0.84279,0.0011882,0.0011882,0.0011882
207,964.357,0.51248,0.2902,0.82992,0.99239,0.92169,0.95232,0.84106,0.59384,0.30348,0.84313,0.00118424,0.00118424,0.00118424
208,969.689,0.51042,0.28896,0.83096,0.99309,0.92195,0.95222,0.84191,0.59163,0.30304,0.84151,0.00118028,0.00118028,0.00118028
209,973.802,0.49881,0.28671,0.83513,0.99281,0.92341,0.95064,0.83881,0.59069,0.30001,0.8431,0.00117632,0.00117632,0.00117632
210,977.985,0.49602,0.28354,0.83369,0.99252,0.92368,0.95052,0.8394,0.58358,0.30029,0.84212,0.00117236,0.00117236,0.00117236
211,983.167,0.49889,0.28679,0.83361,0.99387,0.92115,0.95228,0.8428,0.58365,0.30192,0.84193,0.0011684,0.0011684,0.0011684
212,987.491,0.4838,0.28056,0.83164,0.9944,0.92091,0.95373,0.84391,0.58315,0.29929,0.84132,0.00116444,0.00116444,0.00116444
213,991.776,0.49272,0.28342,0.83003,0.99356,0.92183,0.95377,0.84337,0.58651,0.29972,0.84212,0.00116048,0.00116048,0.00116048
214,997.135,0.49769,0.28607,0.83111,0.99266,0.92206,0.95101,0.83959,0.59035,0.30579,0.8421,0.00115652,0.00115652,0.00115652
215,1001.44,0.48342,0.27907,0.83074,0.99251,0.92248,0.94928,0.83637,0.58584,0.2994,0.84352,0.00115256,0.00115256,0.00115256
216,1005.74,0.47368,0.27835,0.82825,0.99338,0.92127,0.95313,0.8421,0.58529,0.29918,0.84225,0.0011486,0.0011486,0.0011486
217,1010.96,0.49431,0.28406,0.83058,0.99159,0.92156,0.95322,0.84219,0.59,0.29992,0.84285,0.00114464,0.00114464,0.00114464
218,1015.53,0.48983,0.28051,0.83173,0.99227,0.91965,0.95108,0.83899,0.58145,0.30006,0.84219,0.00114068,0.00114068,0.00114068
219,1020.07,0.49577,0.28014,0.8301,0.99352,0.92128,0.95058,0.84001,0.58036,0.29631,0.84239,0.00113672,0.00113672,0.00113672
220,1025.01,0.49615,0.28143,0.83018,0.99441,0.92226,0.94537,0.8313,0.58625,0.29925,0.84398,0.00113276,0.00113276,0.00113276
221,1029.18,0.4833,0.27594,0.8264,0.99397,0.92169,0.94282,0.82833,0.58139,0.29821,0.84334,0.0011288,0.0011288,0.0011288
222,1033.93,0.50118,0.28147,0.83128,0.99382,0.92147,0.94838,0.83555,0.58312,0.29619,0.84264,0.00112484,0.00112484,0.00112484
223,1038.51,0.5013,0.286,0.83249,0.99163,0.92196,0.95438,0.84393,0.58686,0.29729,0.84262,0.00112088,0.00112088,0.00112088
224,1042.96,0.51898,0.29049,0.83346,0.99109,0.92128,0.9538,0.84084,0.59076,0.3054,0.84401,0.00111692,0.00111692,0.00111692
225,1048.08,0.50326,0.28571,0.83351,0.99312,0.92128,0.95126,0.8389,0.58499,0.30045,0.84374,0.00111296,0.00111296,0.00111296
226,1052.39,0.47457,0.27613,0.83134,0.99266,0.92221,0.95047,0.83967,0.57904,0.29793,0.8438,0.001109,0.001109,0.001109
227,1056.59,0.49711,0.28155,0.83181,0.99231,0.9221,0.94767,0.83516,0.5786,0.29806,0.84275,0.00110504,0.00110504,0.00110504
228,1061.65,0.47928,0.27415,0.82472,0.9923,0.92156,0.94835,0.83406,0.59113,0.30224,0.84547,0.00110108,0.00110108,0.00110108
229,1065.9,0.51314,0.28694,0.83471,0.99221,0.92142,0.94886,0.83667,0.58639,0.299,0.84489,0.00109712,0.00109712,0.00109712
230,1070.23,0.49175,0.28239,0.83141,0.98981,0.92087,0.95191,0.83324,0.60377,0.30636,0.84608,0.00109316,0.00109316,0.00109316
231,1075.4,0.49165,0.28819,0.83465,0.99208,0.92333,0.94917,0.83446,0.59024,0.30023,0.84283,0.0010892,0.0010892,0.0010892
232,1079.59,0.48702,0.28108,0.83259,0.99454,0.92027,0.9429,0.82465,0.59288,0.30363,0.84418,0.00108524,0.00108524,0.00108524
233,1083.82,0.49384,0.2803,0.82777,0.99395,0.91863,0.94798,0.83146,0.59653,0.30314,0.84328,0.00108128,0.00108128,0.00108128
234,1089.08,0.50363,0.28492,0.8258,0.99367,0.92135,0.95407,0.84244,0.58829,0.29988,0.84232,0.00107732,0.00107732,0.00107732
235,1093.36,0.51214,0.28945,0.83874,0.99276,0.92142,0.94962,0.83852,0.58046,0.29779,0.84127,0.00107336,0.00107336,0.00107336
236,1097.75,0.51576,0.29127,0.83475,0.99405,0.92033,0.94961,0.83357,0.59348,0.3056,0.8452,0.0010694,0.0010694,0.0010694
237,1103.21,0.50087,0.28803,0.82975,0.99382,0.92033,0.94976,0.83706,0.5838,0.29867,0.84252,0.00106544,0.00106544,0.00106544
238,1107.4,0.47795,0.27785,0.83343,0.99208,0.9225,0.94992,0.83906,0.57846,0.29625,0.84137,0.00106148,0.00106148,0.00106148
239,1111.83,0.48944,0.27967,0.83168,0.99338,0.92141,0.94809,0.83568,0.58074,0.29523,0.84285,0.00105752,0.00105752,0.00105752
240,1116.94,0.48828,0.27861,0.82911,0.99198,0.92237,0.94868,0.83456,0.58338,0.29461,0.84273,0.00105356,0.00105356,0.00105356
241,1121.16,0.46889,0.27202,0.83048,0.9926,0.92306,0.94893,0.83642,0.57996,0.29386,0.84204,0.0010496,0.0010496,0.0010496
242,1125.67,0.4811,0.27645,0.82878,0.9923,0.92278,0.94904,0.83691,0.5879,0.29433,0.84292,0.00104564,0.00104564,0.00104564
243,1130.47,0.48912,0.27817,0.83302,0.99363,0.92196,0.94936,0.8354,0.59203,0.29923,0.84352,0.00104168,0.00104168,0.00104168
244,1134.71,0.49132,0.28034,0.83388,0.99279,0.92109,0.94828,0.83167,0.59206,0.30107,0.8432,0.00103772,0.00103772,0.00103772
245,1139.48,0.4976,0.28103,0.82905,0.99221,0.92224,0.94722,0.83369,0.5825,0.30061,0.84161,0.00103376,0.00103376,0.00103376
246,1144.07,0.50355,0.28269,0.83508,0.99205,0.92224,0.95029,0.83328,0.60747,0.30254,0.84535,0.0010298,0.0010298,0.0010298
247,1148.49,0.5024,0.2826,0.82646,0.99006,0.92278,0.94915,0.8363,0.5893,0.30138,0.84379,0.00102584,0.00102584,0.00102584
248,1153.65,0.48964,0.27811,0.82309,0.99149,0.92278,0.94923,0.8366,0.58645,0.29685,0.84276,0.00102188,0.00102188,0.00102188
249,1158.12,0.4795,0.2733,0.82703,0.99295,0.92232,0.95016,0.83941,0.58674,0.29526,0.84288,0.00101792,0.00101792,0.00101792
250,1162.37,0.47356,0.26764,0.82756,0.99368,0.92191,0.95188,0.84009,0.58447,0.29673,0.84205,0.00101396,0.00101396,0.00101396
251,1167.54,0.47259,0.2684,0.82776,0.99222,0.92186,0.95324,0.84306,0.58602,0.29137,0.84117,0.00101,0.00101,0.00101
252,1171.86,0.47518,0.27002,0.82961,0.98959,0.92292,0.9532,0.84126,0.58434,0.2919,0.84179,0.00100604,0.00100604,0.00100604
253,1176.13,0.49464,0.27785,0.83266,0.99191,0.9221,0.95467,0.84621,0.58426,0.29278,0.84124,0.00100208,0.00100208,0.00100208
254,1181.59,0.48172,0.27043,0.8318,0.99337,0.92196,0.95438,0.84464,0.58971,0.29326,0.8428,0.00099812,0.00099812,0.00099812
255,1185.76,0.48062,0.27104,0.83024,0.99341,0.92306,0.95233,0.84151,0.59011,0.2958,0.84319,0.00099416,0.00099416,0.00099416
256,1190.18,0.48515,0.27506,0.83121,0.99361,0.92251,0.94893,0.83595,0.5876,0.29755,0.84397,0.0009902,0.0009902,0.0009902
257,1195.31,0.48856,0.27792,0.82938,0.99455,0.92174,0.95062,0.83699,0.5917,0.29474,0.84444,0.00098624,0.00098624,0.00098624
258,1199.56,0.485,0.2748,0.82893,0.9915,0.92269,0.95184,0.84103,0.58498,0.29502,0.84243,0.00098228,0.00098228,0.00098228
259,1203.95,0.48398,0.27437,0.82845,0.99182,0.92128,0.95199,0.84135,0.59536,0.29376,0.84361,0.00097832,0.00097832,0.00097832
260,1209.1,0.48222,0.27274,0.83198,0.99318,0.92169,0.95131,0.84016,0.58919,0.29229,0.84287,0.00097436,0.00097436,0.00097436
261,1213.23,0.48371,0.27478,0.83031,0.99359,0.92251,0.95206,0.84297,0.58246,0.29063,0.84206,0.0009704,0.0009704,0.0009704
262,1217.65,0.47583,0.27021,0.82907,0.99345,0.92292,0.95266,0.84341,0.57939,0.29115,0.84133,0.00096644,0.00096644,0.00096644
263,1222.56,0.48932,0.27724,0.82941,0.99296,0.92372,0.95392,0.84527,0.5758,0.29101,0.84081,0.00096248,0.00096248,0.00096248
264,1226.77,0.47952,0.27486,0.83091,0.99259,0.92306,0.95223,0.84323,0.58265,0.29196,0.84203,0.00095852,0.00095852,0.00095852
265,1231.23,0.48949,0.27478,0.8266,0.99259,0.92333,0.95078,0.84206,0.57576,0.29187,0.84114,0.00095456,0.00095456,0.00095456
266,1235.95,0.49421,0.27373,0.83065,0.99354,0.9231,0.9508,0.83932,0.5873,0.29166,0.84284,0.0009506,0.0009506,0.0009506
267,1240.27,0.48019,0.27259,0.82803,0.99382,0.92198,0.9527,0.84137,0.58704,0.29097,0.84232,0.00094664,0.00094664,0.00094664
268,1244.96,0.48254,0.2726,0.82861,0.99427,0.92308,0.95174,0.84282,0.57875,0.292,0.84099,0.00094268,0.00094268,0.00094268
269,1249.53,0.48164,0.2732,0.83155,0.99427,0.92387,0.9506,0.84128,0.57532,0.28884,0.84057,0.00093872,0.00093872,0.00093872
270,1253.76,0.48026,0.26936,0.83172,0.9934,0.92392,0.94932,0.83898,0.57772,0.28823,0.84177,0.00093476,0.00093476,0.00093476
271,1259.09,0.47708,0.26894,0.8276,0.99354,0.92294,0.95151,0.84088,0.5782,0.2895,0.84138,0.0009308,0.0009308,0.0009308
272,1263.46,0.48336,0.27252,0.82499,0.99339,0.92302,0.95476,0.84721,0.58072,0.28848,0.84193,0.00092684,0.00092684,0.00092684
273,1267.78,0.47751,0.2684,0.82889,0.99311,0.92251,0.95443,0.84583,0.58005,0.28909,0.84173,0.00092288,0.00092288,0.00092288
274,1273.09,0.4959,0.27698,0.82944,0.99193,0.9227,0.95162,0.84149,0.58058,0.28991,0.84254,0.00091892,0.00091892,0.00091892
275,1277.46,0.4785,0.27303,0.8269,0.99316,0.9221,0.95029,0.83583,0.59431,0.30005,0.84449,0.00091496,0.00091496,0.00091496
276,1281.74,0.49766,0.27899,0.82917,0.99353,0.92219,0.94899,0.83599,0.58711,0.29338,0.84307,0.000911,0.000911,0.000911
277,1287.05,0.48222,0.27214,0.82377,0.9931,0.92336,0.94861,0.83652,0.58462,0.29181,0.84252,0.00090704,0.00090704,0.00090704
278,1291.41,0.48575,0.27089,0.82621,0.99383,0.92289,0.95075,0.84024,0.58208,0.29079,0.84247,0.00090308,0.00090308,0.00090308
279,1295.76,0.49811,0.27812,0.83038,0.99216,0.92265,0.95195,0.84191,0.58429,0.29202,0.84225,0.00089912,0.00089912,0.00089912
280,1300.94,0.47116,0.26884,0.82585,0.99324,0.92187,0.95167,0.84079,0.58253,0.28974,0.84325,0.00089516,0.00089516,0.00089516
281,1305.37,0.48045,0.27262,0.83038,0.99281,0.92244,0.95186,0.84096,0.58243,0.2883,0.8427,0.0008912,0.0008912,0.0008912
282,1310,0.48132,0.27301,0.82719,0.99324,0.92145,0.95409,0.8463,0.57818,0.28788,0.84114,0.00088724,0.00088724,0.00088724
283,1314.75,0.4759,0.26629,0.82741,0.99426,0.92185,0.95275,0.84337,0.5856,0.2896,0.84287,0.00088328,0.00088328,0.00088328
284,1319.14,0.47746,0.26803,0.8283,0.99444,0.92251,0.95251,0.84215,0.58604,0.29057,0.84289,0.00087932,0.00087932,0.00087932
285,1323.91,0.47391,0.26884,0.82597,0.99479,0.92196,0.9539,0.8448,0.58301,0.28886,0.84193,0.00087536,0.00087536,0.00087536
286,1328.72,0.49983,0.27907,0.82809,0.99309,0.92185,0.95281,0.8439,0.58134,0.28956,0.8407,0.0008714,0.0008714,0.0008714
287,1333.18,0.47836,0.27015,0.82822,0.99339,0.92269,0.95196,0.84089,0.58868,0.29136,0.84346,0.00086744,0.00086744,0.00086744
288,1338.33,0.46635,0.26669,0.82311,0.9932,0.92183,0.95318,0.84303,0.58447,0.29001,0.84219,0.00086348,0.00086348,0.00086348
289,1342.63,0.48994,0.27089,0.82919,0.99203,0.92196,0.95263,0.84126,0.59132,0.28988,0.84244,0.00085952,0.00085952,0.00085952
290,1346.85,0.47277,0.26712,0.82484,0.99211,0.92183,0.95025,0.83732,0.59532,0.29018,0.84381,0.00085556,0.00085556,0.00085556
291,1352.1,0.48613,0.27288,0.83045,0.99252,0.92303,0.94672,0.83462,0.58268,0.28986,0.84139,0.0008516,0.0008516,0.0008516
292,1356.45,0.46694,0.26639,0.82541,0.9919,0.92306,0.94366,0.829,0.58598,0.29181,0.84262,0.00084764,0.00084764,0.00084764
293,1360.94,0.50449,0.27514,0.8261,0.99248,0.92333,0.9441,0.83055,0.58227,0.28974,0.8425,0.00084368,0.00084368,0.00084368
294,1366.23,0.47368,0.26449,0.82784,0.99266,0.92265,0.94769,0.83511,0.58813,0.2886,0.84311,0.00083972,0.00083972,0.00083972
295,1370.56,0.46726,0.26403,0.82521,0.99251,0.92144,0.94973,0.83864,0.58411,0.28739,0.84322,0.00083576,0.00083576,0.00083576
296,1374.85,0.49342,0.27164,0.83144,0.99176,0.92265,0.95069,0.83955,0.58496,0.28865,0.84364,0.0008318,0.0008318,0.0008318
297,1380.09,0.47745,0.26816,0.82829,0.99145,0.92101,0.95215,0.8427,0.58416,0.28925,0.84419,0.00082784,0.00082784,0.00082784
298,1384.37,0.47235,0.26331,0.82736,0.99138,0.92156,0.95374,0.84476,0.58251,0.28603,0.84311,0.00082388,0.00082388,0.00082388
299,1388.87,0.47268,0.26461,0.82465,0.99377,0.92196,0.95426,0.84487,0.58603,0.28546,0.84284,0.00081992,0.00081992,0.00081992
300,1393.78,0.48437,0.26889,0.82904,0.99383,0.9227,0.95099,0.83959,0.58357,0.28544,0.84218,0.00081596,0.00081596,0.00081596
301,1398.07,0.49991,0.27661,0.83054,0.99455,0.92184,0.94902,0.83282,0.59221,0.28973,0.84237,0.000812,0.000812,0.000812
302,1402.52,0.47025,0.26689,0.82849,0.9947,0.92261,0.94739,0.83484,0.58152,0.28753,0.84171,0.00080804,0.00080804,0.00080804
303,1407.34,0.47689,0.26786,0.8335,0.99457,0.92251,0.94448,0.83284,0.58083,0.28866,0.84242,0.00080408,0.00080408,0.00080408
304,1411.94,0.46822,0.2629,0.82895,0.99426,0.92228,0.94852,0.83831,0.5764,0.28821,0.84174,0.00080012,0.00080012,0.00080012
305,1416.52,0.46715,0.2625,0.82817,0.99368,0.92258,0.95213,0.84261,0.58059,0.28791,0.8421,0.00079616,0.00079616,0.00079616
306,1421.25,0.48414,0.26869,0.82869,0.99446,0.92265,0.95425,0.84713,0.57955,0.28636,0.84258,0.0007922,0.0007922,0.0007922
307,1425.55,0.5044,0.27847,0.82979,0.99335,0.92374,0.95452,0.84576,0.5876,0.28877,0.84358,0.00078824,0.00078824,0.00078824
308,1430.75,0.48109,0.27187,0.82642,0.99319,0.92292,0.95336,0.84413,0.5814,0.28877,0.84276,0.00078428,0.00078428,0.00078428
309,1434.95,0.45479,0.26223,0.82733,0.99339,0.92236,0.95264,0.84134,0.58682,0.2904,0.84382,0.00078032,0.00078032,0.00078032
310,1439.3,0.47873,0.26721,0.83024,0.9912,0.92251,0.95443,0.84585,0.58306,0.2886,0.84269,0.00077636,0.00077636,0.00077636
311,1444.51,0.474,0.26626,0.83179,0.99179,0.92307,0.95527,0.84375,0.58764,0.28733,0.84391,0.0007724,0.0007724,0.0007724
312,1448.91,0.48003,0.26718,0.82752,0.99348,0.92374,0.95452,0.83928,0.59713,0.29081,0.84427,0.00076844,0.00076844,0.00076844
313,1453.27,0.46016,0.26099,0.82419,0.99311,0.92375,0.95286,0.8406,0.58894,0.28747,0.84286,0.00076448,0.00076448,0.00076448
314,1458.76,0.45234,0.25396,0.82669,0.99251,0.92253,0.951,0.83697,0.59294,0.28733,0.84353,0.00076052,0.00076052,0.00076052
315,1463.14,0.47459,0.26263,0.82758,0.99222,0.92196,0.9531,0.84202,0.59013,0.28553,0.84362,0.00075656,0.00075656,0.00075656
316,1467.51,0.48342,0.26674,0.82453,0.98947,0.92325,0.95565,0.8453,0.58952,0.28773,0.84398,0.0007526,0.0007526,0.0007526
317,1472.79,0.4785,0.26349,0.8282,0.99021,0.92278,0.95604,0.84598,0.59106,0.28589,0.84383,0.00074864,0.00074864,0.00074864
318,1477,0.48428,0.26998,0.82381,0.99222,0.92192,0.95392,0.84402,0.58695,0.28903,0.84333,0.00074468,0.00074468,0.00074468
319,1481.52,0.47431,0.26799,0.82415,0.99295,0.92216,0.95279,0.84119,0.59142,0.28915,0.84344,0.00074072,0.00074072,0.00074072
320,1486.51,0.46909,0.26137,0.82297,0.99233,0.92265,0.9543,0.8458,0.58593,0.28382,0.84271,0.00073676,0.00073676,0.00073676
321,1490.79,0.48319,0.26453,0.8263,0.99283,0.92306,0.95569,0.84817,0.58553,0.28244,0.84231,0.0007328,0.0007328,0.0007328
322,1495.54,0.47618,0.26486,0.82577,0.99368,0.92186,0.95672,0.85087,0.57731,0.28272,0.84116,0.00072884,0.00072884,0.00072884
323,1500.38,0.45971,0.2616,0.83151,0.99208,0.92262,0.95352,0.84204,0.58856,0.28467,0.84363,0.00072488,0.00072488,0.00072488
324,1504.61,0.45674,0.26079,0.82528,0.99197,0.92169,0.949,0.83567,0.58978,0.28516,0.84347,0.00072092,0.00072092,0.00072092
325,1509.38,0.462,0.25995,0.82734,0.9934,0.9206,0.95011,0.83641,0.59462,0.28581,0.84463,0.00071696,0.00071696,0.00071696
326,1514.1,0.47396,0.26435,0.8231,0.99397,0.92161,0.95037,0.83894,0.5849,0.28258,0.84298,0.000713,0.000713,0.000713
327,1518.33,0.46198,0.26017,0.83135,0.99282,0.92374,0.95066,0.83917,0.58912,0.28437,0.84331,0.00070904,0.00070904,0.00070904
328,1523.31,0.46791,0.26193,0.82783,0.99342,0.92319,0.95034,0.83919,0.58544,0.28507,0.84205,0.00070508,0.00070508,0.00070508
329,1527.87,0.47902,0.2656,0.82705,0.99413,0.92371,0.95193,0.84219,0.5855,0.28351,0.84213,0.00070112,0.00070112,0.00070112
330,1532.2,0.49025,0.27143,0.82824,0.99529,0.92243,0.95463,0.84739,0.58336,0.28415,0.84214,0.00069716,0.00069716,0.00069716
331,1537.49,0.48524,0.26701,0.82998,0.99565,0.92183,0.95413,0.84632,0.58203,0.28088,0.84189,0.0006932,0.0006932,0.0006932
332,1541.74,0.47643,0.26464,0.82697,0.99487,0.92142,0.95229,0.83912,0.59802,0.28581,0.84641,0.00068924,0.00068924,0.00068924
333,1546.01,0.46195,0.25802,0.82355,0.99567,0.92142,0.95073,0.83942,0.58837,0.28351,0.84341,0.00068528,0.00068528,0.00068528
334,1551.3,0.46694,0.26138,0.82501,0.99357,0.92333,0.95215,0.84145,0.58738,0.28242,0.84274,0.00068132,0.00068132,0.00068132
335,1555.68,0.46518,0.25735,0.82592,0.99441,0.9228,0.95457,0.84619,0.58378,0.28415,0.84184,0.00067736,0.00067736,0.00067736
336,1559.91,0.4721,0.26188,0.82656,0.99413,0.92319,0.95578,0.846,0.58882,0.28543,0.84226,0.0006734,0.0006734,0.0006734
337,1565.25,0.4855,0.2632,0.82734,0.99288,0.92265,0.95604,0.84773,0.5863,0.28249,0.84247,0.00066944,0.00066944,0.00066944
338,1569.72,0.48073,0.26303,0.83107,0.99343,0.92196,0.95392,0.84638,0.58436,0.28165,0.84194,0.00066548,0.00066548,0.00066548
339,1574.09,0.47684,0.26133,0.82623,0.99338,0.92265,0.95118,0.84276,0.57973,0.28217,0.8414,0.00066152,0.00066152,0.00066152
340,1579.35,0.47907,0.26127,0.82877,0.99442,0.92334,0.9495,0.84017,0.57513,0.28135,0.84088,0.00065756,0.00065756,0.00065756
341,1583.61,0.45936,0.25633,0.82118,0.99526,0.9236,0.94852,0.83942,0.57479,0.27992,0.84099,0.0006536,0.0006536,0.0006536
342,1587.96,0.45791,0.2516,0.82491,0.9944,0.9236,0.95051,0.84131,0.574,0.27817,0.84121,0.00064964,0.00064964,0.00064964
343,1592.97,0.45788,0.25463,0.82301,0.99442,0.92345,0.954,0.84687,0.57723,0.27804,0.84092,0.00064568,0.00064568,0.00064568
344,1597.33,0.48053,0.26025,0.82929,0.99375,0.92319,0.95465,0.84837,0.57762,0.2783,0.84155,0.00064172,0.00064172,0.00064172
345,1601.95,0.48561,0.26778,0.8271,0.99442,0.92306,0.95469,0.84742,0.58106,0.28076,0.84221,0.00063776,0.00063776,0.00063776
346,1606.79,0.47261,0.26132,0.82333,0.99321,0.92333,0.95473,0.84704,0.58227,0.28064,0.8419,0.0006338,0.0006338,0.0006338
347,1611.28,0.46843,0.25894,0.82362,0.99332,0.92278,0.95578,0.84797,0.58479,0.27971,0.84153,0.00062984,0.00062984,0.00062984
348,1616.24,0.46356,0.25771,0.82351,0.99445,0.92237,0.95718,0.85108,0.57792,0.2778,0.84094,0.00062588,0.00062588,0.00062588
349,1620.75,0.46947,0.25667,0.82478,0.99424,0.92278,0.95697,0.85076,0.57986,0.27834,0.84122,0.00062192,0.00062192,0.00062192
350,1625.09,0.48284,0.26241,0.8311,0.99275,0.92306,0.95284,0.84392,0.58338,0.2811,0.84292,0.00061796,0.00061796,0.00061796
351,1630.09,0.45741,0.25442,0.82355,0.99243,0.92306,0.95163,0.84169,0.58126,0.28095,0.84258,0.000614,0.000614,0.000614
352,1634.34,0.46055,0.25699,0.82408,0.99206,0.92278,0.95167,0.84137,0.58275,0.28204,0.8432,0.00061004,0.00061004,0.00061004
353,1638.57,0.45826,0.25599,0.82599,0.99258,0.92292,0.95228,0.84261,0.58163,0.27805,0.84299,0.00060608,0.00060608,0.00060608
354,1643.73,0.45508,0.25611,0.82538,0.99295,0.92288,0.95387,0.84706,0.57909,0.28167,0.84287,0.00060212,0.00060212,0.00060212
355,1648.31,0.46956,0.25849,0.82139,0.99251,0.92333,0.9542,0.84611,0.58063,0.28153,0.84303,0.00059816,0.00059816,0.00059816
356,1652.65,0.45994,0.25769,0.82677,0.99353,0.92306,0.95274,0.84518,0.58048,0.27961,0.84271,0.0005942,0.0005942,0.0005942
357,1657.95,0.48095,0.26378,0.82961,0.99316,0.92306,0.95273,0.84424,0.57968,0.2809,0.84242,0.00059024,0.00059024,0.00059024
358,1662.35,0.46319,0.25755,0.82644,0.99425,0.92347,0.9518,0.84355,0.57951,0.27992,0.84238,0.00058628,0.00058628,0.00058628
359,1666.62,0.46302,0.25719,0.82638,0.99373,0.92456,0.95278,0.84264,0.57852,0.27889,0.84234,0.00058232,0.00058232,0.00058232
360,1671.94,0.47143,0.26024,0.82611,0.99471,0.92362,0.95355,0.8442,0.58134,0.27895,0.84183,0.00057836,0.00057836,0.00057836
361,1676.25,0.46112,0.25572,0.82343,0.9944,0.92347,0.95212,0.84155,0.58338,0.27921,0.84269,0.0005744,0.0005744,0.0005744
362,1680.79,0.46759,0.25752,0.82469,0.99411,0.9236,0.95021,0.83955,0.5822,0.28022,0.84258,0.00057044,0.00057044,0.00057044
363,1685.82,0.47008,0.25769,0.82464,0.99306,0.92415,0.95068,0.83906,0.58206,0.27844,0.84268,0.00056648,0.00056648,0.00056648
364,1690.09,0.4706,0.25947,0.82447,0.99209,0.92416,0.95302,0.8417,0.58703,0.27931,0.84223,0.00056252,0.00056252,0.00056252
365,1694.77,0.45946,0.25482,0.82375,0.99209,0.92434,0.95361,0.84388,0.58425,0.27939,0.84139,0.00055856,0.00055856,0.00055856
366,1699.43,0.45448,0.25345,0.82258,0.9924,0.92347,0.95421,0.84484,0.58295,0.27967,0.84183,0.0005546,0.0005546,0.0005546
367,1703.62,0.45224,0.25209,0.82116,0.99267,0.92369,0.95231,0.84293,0.58088,0.27799,0.84179,0.00055064,0.00055064,0.00055064
368,1708.63,0.44942,0.24993,0.8189,0.99355,0.92404,0.95028,0.83947,0.58526,0.28028,0.84346,0.00054668,0.00054668,0.00054668
369,1713.17,0.44901,0.25195,0.82354,0.9935,0.92387,0.95352,0.84516,0.58234,0.27801,0.84265,0.00054272,0.00054272,0.00054272
370,1717.39,0.45327,0.25248,0.82115,0.99368,0.92257,0.95726,0.84996,0.58348,0.27931,0.84203,0.00053876,0.00053876,0.00053876
371,1722.58,0.45092,0.25486,0.82226,0.99193,0.92374,0.95719,0.84962,0.58277,0.28067,0.84232,0.0005348,0.0005348,0.0005348
372,1726.97,0.47326,0.25853,0.82818,0.99318,0.92265,0.95604,0.84772,0.58507,0.27829,0.84259,0.00053084,0.00053084,0.00053084
373,1731.5,0.4712,0.25954,0.82336,0.99422,0.92224,0.95502,0.84793,0.58039,0.27793,0.84177,0.00052688,0.00052688,0.00052688
374,1736.79,0.46092,0.25306,0.82635,0.99407,0.92265,0.95451,0.84858,0.57555,0.27487,0.84114,0.00052292,0.00052292,0.00052292
375,1741.26,0.45857,0.2539,0.82221,0.992,0.92374,0.95497,0.84861,0.57781,0.27822,0.84179,0.00051896,0.00051896,0.00051896
376,1745.74,0.47805,0.26072,0.82312,0.99278,0.92319,0.95546,0.84881,0.57916,0.2778,0.84195,0.000515,0.000515,0.000515
377,1750.99,0.45116,0.25014,0.82577,0.99229,0.92401,0.95486,0.84587,0.58241,0.27803,0.84265,0.00051104,0.00051104,0.00051104
378,1755.42,0.4743,0.25942,0.8263,0.99278,0.9236,0.95329,0.84548,0.57784,0.27695,0.84191,0.00050708,0.00050708,0.00050708
379,1760.06,0.45794,0.25244,0.82239,0.99082,0.92374,0.95324,0.84438,0.57736,0.27776,0.84215,0.00050312,0.00050312,0.00050312
380,1765.12,0.46409,0.25623,0.82304,0.99121,0.92261,0.95365,0.8445,0.5832,0.28061,0.84389,0.00049916,0.00049916,0.00049916
381,1769.5,0.46198,0.2552,0.82651,0.98933,0.92329,0.95366,0.84508,0.58606,0.28187,0.84465,0.0004952,0.0004952,0.0004952
382,1774.6,0.46774,0.25696,0.82256,0.99221,0.92101,0.95423,0.84576,0.58803,0.27916,0.84402,0.00049124,0.00049124,0.00049124
383,1779.2,0.45291,0.25115,0.82451,0.9915,0.92285,0.95564,0.84803,0.58241,0.27864,0.84301,0.00048728,0.00048728,0.00048728
384,1783.56,0.46695,0.25522,0.82526,0.99249,0.92306,0.95653,0.85001,0.58173,0.2773,0.84243,0.00048332,0.00048332,0.00048332
385,1788.79,0.45101,0.24926,0.82509,0.99391,0.9221,0.95747,0.85153,0.58063,0.27651,0.84127,0.00047936,0.00047936,0.00047936
386,1793.16,0.45836,0.2522,0.82462,0.9931,0.92196,0.95788,0.85105,0.58146,0.27576,0.84123,0.0004754,0.0004754,0.0004754
387,1797.53,0.4735,0.25668,0.82515,0.99331,0.92169,0.95683,0.85019,0.58009,0.27655,0.84163,0.00047144,0.00047144,0.00047144
388,1802.97,0.4658,0.25486,0.82518,0.9915,0.92353,0.9549,0.8472,0.57689,0.27706,0.84108,0.00046748,0.00046748,0.00046748
389,1807.37,0.45383,0.25036,0.82211,0.99064,0.92406,0.95346,0.84565,0.57776,0.27678,0.84118,0.00046352,0.00046352,0.00046352
390,1811.76,0.45142,0.25035,0.82075,0.99122,0.92399,0.9517,0.84369,0.57635,0.27499,0.84044,0.00045956,0.00045956,0.00045956
391,1817.18,0.46681,0.2555,0.82324,0.99237,0.92415,0.95149,0.84385,0.57743,0.27674,0.84038,0.0004556,0.0004556,0.0004556
392,1821.72,0.46856,0.25719,0.82355,0.99227,0.92428,0.95109,0.84288,0.57593,0.27641,0.83998,0.00045164,0.00045164,0.00045164
393,1826.33,0.45783,0.25409,0.82407,0.99238,0.92442,0.95126,0.84299,0.57592,0.27654,0.83995,0.00044768,0.00044768,0.00044768
394,1831.24,0.45213,0.24824,0.82463,0.99325,0.92388,0.95138,0.84242,0.58085,0.27619,0.84092,0.00044372,0.00044372,0.00044372
395,1835.64,0.45554,0.25074,0.82956,0.99298,0.92333,0.95466,0.84659,0.58168,0.27565,0.84136,0.00043976,0.00043976,0.00043976
396,1840.52,0.44619,0.24755,0.82457,0.99198,0.9236,0.95572,0.84881,0.5778,0.27278,0.84097,0.0004358,0.0004358,0.0004358
397,1845.2,0.47663,0.2568,0.82551,0.99184,0.92333,0.95603,0.84867,0.57969,0.27365,0.84137,0.00043184,0.00043184,0.00043184
398,1849.47,0.45877,0.25084,0.82321,0.99186,0.92374,0.95674,0.84826,0.58551,0.27463,0.84226,0.00042788,0.00042788,0.00042788
399,1854.78,0.46911,0.25518,0.82559,0.99073,0.92415,0.95637,0.84753,0.58363,0.27517,0.84171,0.00042392,0.00042392,0.00042392
400,1859.07,0.45495,0.25282,0.82629,0.9929,0.92224,0.95658,0.84887,0.58315,0.27534,0.84163,0.00041996,0.00041996,0.00041996
401,1863.47,0.44173,0.24581,0.82236,0.99339,0.92273,0.95664,0.84836,0.58003,0.27417,0.84184,0.000416,0.000416,0.000416
402,1868.74,0.457,0.24773,0.82321,0.99354,0.92281,0.95532,0.84777,0.57855,0.2748,0.8412,0.00041204,0.00041204,0.00041204
403,1873.02,0.45043,0.24944,0.82139,0.99383,0.9231,0.95323,0.84497,0.58069,0.27673,0.84135,0.00040808,0.00040808,0.00040808
404,1877.45,0.44945,0.24853,0.82017,0.99301,0.92306,0.95229,0.84438,0.57993,0.276,0.84104,0.00040412,0.00040412,0.00040412
405,1882.83,0.4523,0.24857,0.81971,0.99296,0.9236,0.95138,0.84267,0.58184,0.27698,0.84122,0.00040016,0.00040016,0.00040016
406,1887.17,0.45608,0.25047,0.81991,0.99252,0.92345,0.95159,0.8436,0.58296,0.27639,0.8418,0.0003962,0.0003962,0.0003962
407,1891.43,0.45045,0.24933,0.82081,0.99261,0.92306,0.95129,0.84253,0.58149,0.27576,0.8412,0.00039224,0.00039224,0.00039224
408,1896.95,0.45791,0.25201,0.82358,0.99242,0.92333,0.95209,0.84345,0.58057,0.27528,0.84081,0.00038828,0.00038828,0.00038828
409,1901.31,0.46064,0.25358,0.82608,0.99339,0.92328,0.95375,0.84589,0.57972,0.27471,0.84058,0.00038432,0.00038432,0.00038432
410,1906.13,0.43877,0.2447,0.81946,0.99345,0.92292,0.95466,0.8468,0.58502,0.27604,0.84182,0.00038036,0.00038036,0.00038036
411,1910.95,0.45456,0.24841,0.82166,0.99362,0.92251,0.95406,0.84583,0.58286,0.27524,0.84237,0.0003764,0.0003764,0.0003764
412,1915.3,0.45569,0.2492,0.82105,0.99277,0.92278,0.95345,0.84531,0.58017,0.27474,0.84229,0.00037244,0.00037244,0.00037244
413,1920.22,0.44822,0.2473,0.82119,0.99165,0.92342,0.9526,0.84474,0.58071,0.27489,0.84281,0.00036848,0.00036848,0.00036848
414,1924.73,0.44611,0.24749,0.82316,0.99171,0.92292,0.95106,0.84237,0.5814,0.27479,0.84352,0.00036452,0.00036452,0.00036452
415,1929.17,0.44452,0.24598,0.82076,0.99194,0.9233,0.95311,0.84437,0.58254,0.27658,0.84373,0.00036056,0.00036056,0.00036056
416,1934.46,0.44416,0.24671,0.8204,0.99262,0.92306,0.95389,0.84553,0.58398,0.27575,0.84414,0.0003566,0.0003566,0.0003566
417,1938.77,0.45303,0.24934,0.82201,0.99228,0.92265,0.95373,0.84573,0.5842,0.27607,0.84386,0.00035264,0.00035264,0.00035264
418,1943.08,0.43869,0.24473,0.82024,0.99295,0.92241,0.95293,0.84367,0.58095,0.27393,0.84361,0.00034868,0.00034868,0.00034868
419,1948.47,0.44292,0.24589,0.82016,0.99335,0.92237,0.95299,0.84457,0.57999,0.27334,0.84335,0.00034472,0.00034472,0.00034472
420,1952.88,0.45546,0.2509,0.81796,0.99325,0.92328,0.95464,0.84757,0.57927,0.27397,0.84313,0.00034076,0.00034076,0.00034076
421,1957.28,0.4534,0.24854,0.82114,0.99369,0.92345,0.95581,0.84854,0.58273,0.27456,0.8433,0.0003368,0.0003368,0.0003368
422,1962.55,0.44785,0.24772,0.82118,0.99383,0.92304,0.95634,0.85033,0.58196,0.27457,0.84299,0.00033284,0.00033284,0.00033284
423,1967.16,0.4479,0.24696,0.82681,0.99292,0.92224,0.95673,0.85009,0.58415,0.27441,0.84302,0.00032888,0.00032888,0.00032888
424,1971.46,0.4389,0.24495,0.82641,0.99353,0.92187,0.95672,0.84954,0.58401,0.27416,0.84353,0.00032492,0.00032492,0.00032492
425,1976.66,0.4345,0.24106,0.81931,0.99266,0.92309,0.95615,0.84933,0.58439,0.27417,0.8441,0.00032096,0.00032096,0.00032096
426,1981,0.45246,0.24834,0.82312,0.99311,0.92278,0.95457,0.84747,0.58187,0.27539,0.84384,0.000317,0.000317,0.000317
427,1985.66,0.44937,0.24732,0.82253,0.99281,0.92297,0.95462,0.84642,0.58536,0.27531,0.84401,0.00031304,0.00031304,0.00031304
428,1990.65,0.45518,0.24996,0.82323,0.99274,0.92333,0.95408,0.84558,0.58515,0.27559,0.84384,0.00030908,0.00030908,0.00030908
429,1994.99,0.46838,0.25481,0.82357,0.9931,0.92294,0.95308,0.84395,0.58402,0.2753,0.84341,0.00030512,0.00030512,0.00030512
430,1999.69,0.45445,0.25223,0.82237,0.99324,0.92269,0.95355,0.84366,0.58612,0.27614,0.84383,0.00030116,0.00030116,0.00030116
431,2004.32,0.45149,0.24872,0.81996,0.99392,0.92251,0.95513,0.84576,0.58468,0.27524,0.84294,0.0002972,0.0002972,0.0002972
432,2008.6,0.43872,0.24504,0.82298,0.99337,0.92142,0.95643,0.84828,0.58272,0.27264,0.84209,0.00029324,0.00029324,0.00029324
433,2013.45,0.45184,0.24951,0.82227,0.99336,0.92128,0.95643,0.84962,0.58208,0.27149,0.84257,0.00028928,0.00028928,0.00028928
434,2018.02,0.45422,0.24817,0.81894,0.99235,0.92156,0.95675,0.84943,0.58325,0.27295,0.84316,0.00028532,0.00028532,0.00028532
435,2022.39,0.45372,0.24817,0.8204,0.99236,0.92105,0.95704,0.85191,0.57967,0.2713,0.84233,0.00028136,0.00028136,0.00028136
436,2027.83,0.46369,0.25151,0.82876,0.99222,0.92157,0.95699,0.85132,0.58006,0.27032,0.84264,0.0002774,0.0002774,0.0002774
437,2032.06,0.45812,0.24925,0.82572,0.99236,0.92096,0.9568,0.85074,0.57936,0.27109,0.84242,0.00027344,0.00027344,0.00027344
438,2036.3,0.44584,0.24492,0.82193,0.99191,0.92251,0.95608,0.85024,0.57849,0.27054,0.84226,0.00026948,0.00026948,0.00026948
439,2041.69,0.45252,0.24489,0.82055,0.99223,0.92276,0.95576,0.84792,0.58264,0.27179,0.84263,0.00026552,0.00026552,0.00026552
440,2046.04,0.45366,0.24667,0.82077,0.99194,0.92366,0.95545,0.84826,0.58153,0.27222,0.84206,0.00026156,0.00026156,0.00026156
441,2050.61,0.44336,0.24495,0.821,0.99238,0.9238,0.95455,0.84685,0.58321,0.27306,0.84221,0.0002576,0.0002576,0.0002576
442,2055.98,0.44291,0.24328,0.81704,0.99222,0.92415,0.95332,0.84497,0.58307,0.27179,0.84222,0.00025364,0.00025364,0.00025364
443,2060.28,0.44757,0.24562,0.81816,0.99195,0.92437,0.95346,0.84609,0.58031,0.27152,0.84211,0.00024968,0.00024968,0.00024968
444,2064.83,0.44224,0.24456,0.82109,0.9916,0.92401,0.95561,0.84826,0.58374,0.27073,0.84254,0.00024572,0.00024572,0.00024572
445,2069.9,0.44809,0.24457,0.82302,0.9931,0.92282,0.95612,0.84956,0.58217,0.27124,0.84215,0.00024176,0.00024176,0.00024176
446,2074.32,0.45954,0.24971,0.82259,0.99317,0.92333,0.95638,0.85062,0.57994,0.27074,0.84181,0.0002378,0.0002378,0.0002378
447,2079.11,0.44778,0.24385,0.82193,0.9931,0.92306,0.95651,0.84945,0.58571,0.27114,0.84273,0.00023384,0.00023384,0.00023384
448,2083.79,0.44312,0.24614,0.81676,0.99289,0.92319,0.95602,0.84895,0.58188,0.27001,0.84229,0.00022988,0.00022988,0.00022988
449,2088.11,0.45158,0.24808,0.82031,0.99191,0.92347,0.95588,0.84816,0.58293,0.27109,0.84245,0.00022592,0.00022592,0.00022592
450,2093.23,0.44558,0.24453,0.82008,0.99194,0.9235,0.95517,0.8474,0.58035,0.27084,0.84221,0.00022196,0.00022196,0.00022196
451,2097.68,0.44073,0.24404,0.82156,0.99223,0.92344,0.95524,0.84834,0.57906,0.27015,0.84199,0.000218,0.000218,0.000218
452,2102.22,0.45131,0.24613,0.82027,0.99231,0.92306,0.95611,0.84919,0.58067,0.26957,0.84226,0.00021404,0.00021404,0.00021404
453,2107.47,0.42426,0.23517,0.81732,0.99267,0.92326,0.95654,0.8509,0.57785,0.26995,0.84196,0.00021008,0.00021008,0.00021008
454,2111.85,0.43262,0.23883,0.81964,0.99252,0.92325,0.95665,0.84977,0.57874,0.26934,0.84221,0.00020612,0.00020612,0.00020612
455,2116.39,0.44837,0.24396,0.81885,0.99194,0.92347,0.95652,0.84934,0.57806,0.26963,0.84201,0.00020216,0.00020216,0.00020216
456,2121.74,0.43438,0.24018,0.81839,0.99281,0.923,0.95657,0.85003,0.57747,0.26879,0.84203,0.0001982,0.0001982,0.0001982
457,2125.98,0.43357,0.2393,0.82143,0.99252,0.92319,0.95636,0.84969,0.57892,0.26941,0.84214,0.00019424,0.00019424,0.00019424
458,2130.77,0.44315,0.24207,0.81764,0.99267,0.92346,0.95622,0.84946,0.57956,0.26961,0.84231,0.00019028,0.00019028,0.00019028
459,2136.06,0.43687,0.24056,0.82103,0.9931,0.92319,0.95629,0.85,0.57976,0.26837,0.84238,0.00018632,0.00018632,0.00018632
460,2140.58,0.44245,0.24015,0.8205,0.99296,0.92316,0.95629,0.8503,0.58029,0.26882,0.84238,0.00018236,0.00018236,0.00018236
461,2145.03,0.43278,0.23933,0.81759,0.99281,0.92301,0.95614,0.84971,0.57859,0.26908,0.84218,0.0001784,0.0001784,0.0001784
462,2150.21,0.43303,0.23781,0.81931,0.99329,0.92265,0.95569,0.84717,0.58361,0.27009,0.84297,0.00017444,0.00017444,0.00017444
463,2154.54,0.4277,0.23911,0.82086,0.99298,0.92278,0.95548,0.84884,0.57991,0.26999,0.84263,0.00017048,0.00017048,0.00017048
464,2159.43,0.43478,0.23954,0.81837,0.99293,0.92292,0.95605,0.84976,0.57953,0.26975,0.84227,0.00016652,0.00016652,0.00016652
465,2164.33,0.46794,0.25244,0.81938,0.99277,0.92292,0.95648,0.85046,0.58128,0.26941,0.8422,0.00016256,0.00016256,0.00016256
466,2169.02,0.4413,0.24221,0.81737,0.99323,0.92319,0.9568,0.85043,0.57847,0.26775,0.84152,0.0001586,0.0001586,0.0001586
467,2174.25,0.43232,0.23678,0.82221,0.99383,0.92289,0.95659,0.85095,0.57774,0.26778,0.84163,0.00015464,0.00015464,0.00015464
468,2178.57,0.42593,0.23789,0.82064,0.99383,0.92297,0.95592,0.84938,0.57911,0.26799,0.8421,0.00015068,0.00015068,0.00015068
469,2182.89,0.43246,0.23796,0.81885,0.99369,0.92313,0.95565,0.84829,0.57865,0.26817,0.84183,0.00014672,0.00014672,0.00014672
470,2188.13,0.43861,0.24158,0.81957,0.99403,0.92333,0.95576,0.84752,0.57959,0.26764,0.84166,0.00014276,0.00014276,0.00014276
471,2192.6,0.43501,0.23968,0.82258,0.99427,0.92315,0.95587,0.84722,0.58592,0.2692,0.84264,0.0001388,0.0001388,0.0001388
472,2197.01,0.42848,0.23625,0.82156,0.99369,0.92332,0.95537,0.84733,0.5845,0.26872,0.84259,0.00013484,0.00013484,0.00013484
473,2202.56,0.4485,0.24471,0.81817,0.99354,0.92332,0.95532,0.84715,0.58374,0.26845,0.8425,0.00013088,0.00013088,0.00013088
474,2207,0.44171,0.2386,0.81881,0.9931,0.92339,0.95552,0.84743,0.58651,0.26882,0.84292,0.00012692,0.00012692,0.00012692
475,2211.76,0.44916,0.24241,0.82093,0.99313,0.92347,0.95616,0.84879,0.58661,0.26901,0.84273,0.00012296,0.00012296,0.00012296
476,2216.82,0.4264,0.23497,0.81626,0.99311,0.92365,0.95616,0.84913,0.58323,0.26814,0.84213,0.000119,0.000119,0.000119
477,2221.27,0.44764,0.24207,0.81953,0.9931,0.92343,0.95602,0.84916,0.58173,0.26795,0.84197,0.00011504,0.00011504,0.00011504
478,2226.52,0.43738,0.24052,0.82329,0.9931,0.92317,0.95602,0.84896,0.58195,0.26849,0.84217,0.00011108,0.00011108,0.00011108
479,2231,0.42639,0.23525,0.81736,0.99339,0.92279,0.9563,0.84943,0.58203,0.26913,0.84242,0.00010712,0.00010712,0.00010712
480,2235.47,0.42916,0.23618,0.81826,0.99324,0.92258,0.95661,0.84958,0.58189,0.26904,0.84268,0.00010316,0.00010316,0.00010316
481,2240.8,0.43643,0.23957,0.81927,0.99383,0.92222,0.95665,0.84997,0.58236,0.26899,0.84263,9.92e-05,9.92e-05,9.92e-05
482,2245.26,0.4342,0.2384,0.81908,0.99354,0.92265,0.95625,0.85026,0.58212,0.2676,0.84248,9.524e-05,9.524e-05,9.524e-05
483,2249.68,0.43723,0.23894,0.81791,0.99339,0.92277,0.9562,0.85002,0.58205,0.26676,0.84239,9.128e-05,9.128e-05,9.128e-05
484,2255,0.4396,0.24042,0.82254,0.99372,0.92251,0.95667,0.84952,0.58305,0.26735,0.84246,8.732e-05,8.732e-05,8.732e-05
485,2259.24,0.42134,0.2338,0.81976,0.99425,0.92251,0.95677,0.85013,0.58278,0.26776,0.8426,8.336e-05,8.336e-05,8.336e-05
486,2263.52,0.41946,0.23214,0.82192,0.99441,0.92258,0.95653,0.8489,0.58149,0.26762,0.84268,7.94e-05,7.94e-05,7.94e-05
487,2268.98,0.4455,0.24277,0.81781,0.99397,0.92259,0.9564,0.84965,0.58097,0.26788,0.84265,7.544e-05,7.544e-05,7.544e-05
488,2273.26,0.42975,0.23662,0.82245,0.99381,0.92251,0.956,0.84961,0.5813,0.26754,0.84301,7.148e-05,7.148e-05,7.148e-05
489,2277.69,0.4454,0.24303,0.82034,0.99322,0.92292,0.95574,0.84836,0.58125,0.2677,0.84307,6.752e-05,6.752e-05,6.752e-05
490,2282.99,0.43778,0.23988,0.81951,0.99281,0.92253,0.95517,0.84793,0.5808,0.26784,0.84286,6.356e-05,6.356e-05,6.356e-05
491,2290.19,0.43445,0.23724,0.82064,0.99311,0.92278,0.95275,0.84395,0.58144,0.26892,0.84321,5.96e-05,5.96e-05,5.96e-05
492,2295.36,0.42763,0.23481,0.81928,0.99329,0.92292,0.94817,0.83658,0.58154,0.27086,0.84356,5.564e-05,5.564e-05,5.564e-05
493,2299.86,0.43335,0.23375,0.81763,0.99325,0.92288,0.94553,0.83222,0.58195,0.27142,0.8437,5.168e-05,5.168e-05,5.168e-05
494,2304.14,0.43048,0.23279,0.81451,0.99336,0.92306,0.9439,0.82945,0.58246,0.27291,0.84376,4.772e-05,4.772e-05,4.772e-05
495,2309.28,0.4306,0.23104,0.81643,0.99279,0.92278,0.94391,0.82936,0.58291,0.27336,0.84395,4.376e-05,4.376e-05,4.376e-05
496,2313.59,0.42984,0.23073,0.81881,0.993,0.92265,0.94494,0.83149,0.5827,0.27318,0.84391,3.98e-05,3.98e-05,3.98e-05
497,2317.83,0.42759,0.22849,0.81511,0.99281,0.92284,0.94636,0.83278,0.58273,0.27275,0.84384,3.584e-05,3.584e-05,3.584e-05
498,2322.85,0.42639,0.22917,0.81274,0.99331,0.92306,0.94814,0.83577,0.58286,0.27215,0.84396,3.188e-05,3.188e-05,3.188e-05
499,2326.98,0.42486,0.22711,0.81784,0.99278,0.92347,0.94967,0.83806,0.58246,0.271,0.84383,2.792e-05,2.792e-05,2.792e-05
500,2331.39,0.41633,0.22379,0.8158,0.99296,0.92333,0.94997,0.83852,0.58317,0.27126,0.8439,2.396e-05,2.396e-05,2.396e-05
